Rodada;Casa;Fora;Gol.C;Gol.F;Dia;Horario;Casa Passes;Casa Passes E;Fora Passes;Fora Passes E;Casa Chutes Certos;Casa Chutes Errados;Fora Chutes Certos;Fora Chutes Errados;Casa Faltas Cometidas;Fora Faltas Cometidas;Casa Desarmes Certos;Casa Desarmes Errados;Fora Desarmes Certos;Fora Desarmes Errados
1;Flamengo;Sport;1;0;SAB;16;471;41;322;32;5;6;1;0;18;15;24;1;19;3
1;Atletico MG;Santos;1;0;SAB;18;249;37;444;43;6;15;4;8;17;11;26;6;9;2
1;Coritiba;Cruzeiro;1;0;SAB;21;304;41;349;42;6;8;1;3;20;22;17;3;19;2
1;Corinthians;Gremio;0;0;DOM;16;470;44;283;48;1;15;2;4;12;19;24;1;22;3
1;Botafogo;Sao Paulo;0;1;DOM;11;434;32;189;48;6;5;1;3;8;10;9;1;17;4
1;America;Fluminense;0;1;DOM;16;236;48;393;39;4;13;4;11;8;9;25;2;11;2
1;Santa Cruz;Vitoria;4;1;DOM;11;174;30;280;35;5;2;3;8;11;16;16;4;20;3
1;Internacional;Chapecoense;0;0;DOM;18;420;40;146;48;7;4;3;3;14;19;12;4;8;1
1;Palmeiras;Atletico PR;4;0;SAB;16;477;42;245;40;7;6;1;2;13;17;22;2;4;2
1;Figueirense;Ponte Preta;0;0;DOM;16;244;47;244;40;4;9;3;17;8;21;13;2;7;2
2;Fluminense;Santa Cruz;2;2;SAB;18;397;34;250;31;5;10;4;5;19;23;16;4;12;4
2;Ponte Preta;Palmeiras;2;1;SAB;16;173;41;415;47;6;4;5;5;21;17;11;0;19;2
2;Atletico PR;Atletico MG;1;1;DOM;11;293;39;436;36;3;5;9;14;18;7;13;4;8;2
2;Cruzeiro;Figueirense;2;2;SAB;21;425;45;139;41;8;10;5;7;11;14;21;2;15;3
2;Santos;Coritiba;2;1;DOM;11;568;41;350;45;5;6;2;2;12;14;17;1;18;1
2;Gremio;Flamengo;1;0;DOM;16;362;49;445;39;10;10;5;10;17;7;28;6;27;7
2;Chapecoense;America;3;1;DOM;16;389;53;235;44;8;7;3;5;11;24;15;2;15;5
2;Vitoria;Corinthians;3;2;DOM;16;142;41;447;46;7;5;8;6;20;24;21;1;16;5
2;Sao Paulo;Internacional;1;2;DOM;16;324;43;255;35;6;12;4;8;11;16;20;2;24;5
2;Sport;Botafogo;1;1;DOM;18;429;55;346;43;4;9;5;11;14;10;13;3;25;7
3;Botafogo;Atletico PR;2;1;QUA;19;248;28;522;50;4;6;6;9;8;11;21;3;9;2
3;Figueirense;Santos;2;2;QUA;19;322;28;398;30;5;7;2;6;19;12;8;2;19;3
3;Flamengo;Chapecoense;2;2;QUA;21;460;37;248;20;2;4;5;7;9;23;19;2;18;4
3;America;Vitoria;1;1;QUA;21;351;29;310;43;4;8;1;6;22;18;13;1;17;3
3;Santa Cruz;Cruzeiro;4;1;QUA;22;214;27;472;37;4;4;6;14;14;14;22;3;13;2
3;Corinthians;Ponte Preta;3;0;QUI;11;419;43;279;42;5;9;1;6;22;15;13;3;5;0
3;Palmeiras;Fluminense;2;0;QUA;22;285;35;236;57;6;9;2;9;20;12;19;2;15;4
3;Coritiba;Sao Paulo;1;1;QUA;22;320;42;329;38;3;10;9;4;18;12;17;1;11;2
3;Internacional;Sport;1;0;QUI;16;361;47;296;66;5;5;1;8;14;14;24;3;21;3
3;Atletico MG;Gremio;0;3;QUI;21;421;56;356;44;4;9;6;3;8;15;23;2;26;2
4;Cruzeiro;America;1;1;SAB;16;485;51;207;19;7;20;4;4;7;9;25;1;24;3
4;Atletico PR;Figueirense;2;1;SAB;18;332;44;363;31;9;2;6;4;17;17;19;6;7;3
4;Chapecoense;Santa Cruz;1;1;SAB;21;450;54;204;35;2;14;2;1;16;19;14;4;23;4
4;Ponte Preta;Flamengo;1;2;DOM;11;448;56;272;33;5;12;4;2;19;13;18;2;20;4
4;Sport;Corinthians;0;2;DOM;11;493;55;403;45;3;8;4;8;7;12;14;2;11;3
4;Vitoria;Atletico MG;1;1;DOM;16;268;31;344;45;7;8;8;6;20;17;10;2;16;1
4;Fluminense;Botafogo;1;0;DOM;16;273;50;375;36;3;11;1;5;17;17;35;6;14;4
4;Santos;Internacional;0;1;DOM;18;391;43;356;30;3;8;4;6;9;14;19;3;26;3
4;Gremio;Coritiba;2;0;DOM;18;487;42;345;37;4;7;4;7;19;17;16;3;12;0
4;Sao Paulo;Palmeiras;1;0;DOM;16;257;42;319;45;6;8;4;5;18;21;19;1;16;2
5;Internacional;Atletico PR;1;0;QUA;19;345;50;361;42;1;8;1;11;30;15;19;0;23;1
5;Corinthians;Santos;1;0;QUA;21;542;64;256;33;6;8;1;1;13;12;25;3;17;3
5;Coritiba;Chapecoense;3;4;QUA;21;268;41;282;35;6;12;9;6;14;21;18;6;15;3
5;Santa Cruz;Sport;0;1;QUA;21;293;46;271;34;1;7;10;8;24;15;5;0;19;4
5;Botafogo;Cruzeiro;0;1;QUA;22;321;39;316;32;2;4;4;10;11;23;22;5;21;4
5;Atletico MG;Fluminense;1;1;QUA;22;473;54;283;39;4;10;4;7;16;19;24;6;18;7
5;Figueirense;Sao Paulo;1;0;QUA;22;145;35;379;49;5;12;1;11;15;18;17;4;20;2
5;America;Ponte Preta;1;2;QUI;19;441;42;335;50;6;8;5;7;6;15;14;5;27;10
5;Flamengo;Vitoria;1;0;QUI;21;317;30;314;54;2;13;2;1;14;18;20;7;11;1
5;Palmeiras;Gremio;4;3;QUI;21;222;47;317;46;8;7;5;5;24;19;17;7;12;3
6;Atletico PR;Santa Cruz;1;0;SAB;16;508;31;301;39;4;9;2;9;12;18;17;4;11;3
6;Corinthians;Coritiba;2;1;SAB;21;673;49;160;41;7;12;4;2;14;11;19;0;15;4
6;Chapecoense;Fluminense;0;0;SAB;21;357;47;409;34;2;6;2;10;12;10;12;3;13;3
6;Santos;Botafogo;3;0;DOM;11;423;31;350;35;3;4;2;10;11;12;18;2;15;3
6;America;Figueirense;1;0;DOM;11;244;33;271;48;4;15;7;6;20;14;17;0;18;0
6;Vitoria;Internacional;1;0;DOM;16;166;37;318;44;5;6;2;9;16;18;18;1;19;2
6;Flamengo;Palmeiras;1;2;DOM;16;237;26;384;49;1;6;5;10;10;12;18;2;16;2
6;Gremio;Ponte Preta;1;0;DOM;16;564;54;154;40;7;19;3;4;14;13;11;3;11;2
6;Sport;Atletico MG;4;4;DOM;16;410;45;394;40;5;7;5;6;9;17;13;2;11;1
6;Cruzeiro;Sao Paulo;0;1;DOM;18;480;36;289;39;1;10;2;7;12;9;27;2;20;4
7;Internacional;America;3;1;SAB;16;340;45;336;45;5;5;4;13;17;14;17;3;11;3
7;Ponte Preta;Chapecoense;2;1;SAB;16;373;48;231;37;4;6;2;5;22;22;12;4;20;3
7;Fluminense;Gremio;1;1;SAB;18;483;34;301;53;5;15;2;4;9;10;13;0;18;1
7;Sao Paulo;Atletico PR;1;2;SAB;21;450;43;245;35;7;6;4;1;12;17;18;2;26;0
7;Botafogo;Vitoria;1;1;DOM;11;267;43;251;46;5;6;9;7;19;17;15;4;20;1
7;Coritiba;Sport;3;2;DOM;11;320;32;264;48;7;8;6;2;16;25;16;0;18;4
7;Palmeiras;Corinthians;1;0;DOM;16;254;54;259;54;6;9;2;4;18;18;19;3;14;4
7;Atletico MG;Cruzeiro;2;3;DOM;16;409;36;157;35;3;7;7;3;15;15;20;1;18;2
7;Figueirense;Flamengo;1;0;DOM;16;189;38;379;37;5;3;9;9;17;17;13;2;12;3
7;Santa Cruz;Santos;0;2;DOM;18;378;26;419;37;4;10;5;6;20;11;12;0;13;2
8;Sao Paulo;Vitoria;2;0;QUA;19;325;38;243;48;5;5;1;8;22;20;14;0;22;3
8;Chapecoense;Gremio;3;3;QUA;19;272;41;330;48;5;3;6;10;17;14;14;3;13;1
8;Ponte Preta;Atletico PR;3;2;QUA;19;391;54;303;50;3;9;4;2;9;15;14;2;19;0
8;Botafogo;America;3;1;QUA;21;323;46;331;43;11;11;4;7;16;18;15;2;14;2
8;Santa Cruz;Figueirense;1;0;QUA;21;370;38;315;52;5;7;1;5;25;8;6;3;20;2
8;Santos;Sport;2;0;QUA;21;538;48;318;46;8;10;4;7;10;10;24;1;11;2
8;Cruzeiro;Flamengo;0;1;QUA;22;440;39;240;41;4;12;4;5;9;9;7;1;22;4
8;Coritiba;Palmeiras;2;2;QUA;22;159;35;339;64;6;2;3;6;14;19;8;2;18;1
8;Internacional;Atletico MG;2;0;QUI;19;253;50;392;47;6;6;4;9;23;12;23;4;17;0
8;Fluminense;Corinthians;1;0;QUI;19;315;40;450;49;4;6;2;11;12;6;11;2;10;2
9;Palmeiras;Santa Cruz;3;1;SAB;16;433;46;228;40;10;11;5;6;18;24;23;5;9;1
9;Atletico PR;Santos;1;0;SAB;18;256;30;557;63;6;4;5;2;16;7;20;5;16;2
9;America;Coritiba;2;1;SAB;21;271;40;266;53;5;11;9;5;18;12;14;5;9;0
9;Vitoria;Chapecoense;1;2;DOM;11;268;37;213;38;7;15;4;6;19;16;12;1;14;1
9;Atletico MG;Ponte Preta;3;0;DOM;11;400;34;364;48;8;10;2;6;10;17;21;4;14;4
9;Flamengo;Sao Paulo;2;2;DOM;16;442;33;258;22;9;19;3;4;9;18;18;5;18;6
9;Corinthians;Botafogo;3;1;DOM;16;470;44;255;39;6;6;3;7;15;15;21;1;16;2
9;Figueirense;Internacional;3;2;DOM;16;174;37;286;47;7;8;7;11;16;14;11;0;19;1
9;Sport;Fluminense;2;1;DOM;16;260;39;545;46;5;15;5;15;12;12;24;4;11;5
9;Gremio;Cruzeiro;2;0;DOM;19;475;50;341;53;8;9;0;7;12;16;23;2;14;1
10;Palmeiras;America;2;0;QUA;21;570;52;226;39;10;10;2;9;8;9;13;0;22;1
10;Ponte Preta;Cruzeiro;0;4;QUA;19;372;55;203;37;4;9;5;2;8;14;13;0;26;7
10;Botafogo;Figueirense;0;0;QUA;21;419;50;209;45;3;15;3;6;12;13;13;3;24;0
10;Santa Cruz;Flamengo;0;1;QUA;21;336;45;390;49;4;8;1;6;13;13;17;0;13;7
10;Fluminense;Santos;2;4;QUA;22;426;36;381;38;8;15;7;9;9;11;14;3;22;1
10;Atletico MG;Corinthians;2;1;QUA;22;354;42;349;37;4;5;4;6;23;10;23;0;12;3
10;Gremio;Vitoria;1;2;QUI;19;456;51;200;44;9;10;6;9;10;16;10;1;18;1
10;Sao Paulo;Sport;0;0;QUI;21;434;36;160;48;3;18;2;6;9;19;10;2;11;4
10;Coritiba;Internacional;1;1;QUI;21;244;37;190;30;3;9;6;4;13;25;11;1;10;0
10;Chapecoense;Atletico PR;0;0;QUI;16;213;37;202;50;4;8;4;8;16;17;16;2;17;0
11;Cruzeiro;Palmeiras;1;0;SAB;19;290;32;271;62;8;8;4;4;13;13;18;3;19;3
11;Corinthians;Santa Cruz;2;1;SAB;21;444;55;243;44;4;12;3;5;14;16;25;4;14;5
11;America;Atletico MG;0;1;DOM;11;374;37;256;31;4;12;4;2;19;17;15;0;19;4
11;Vitoria;Ponte Preta;1;1;DOM;16;376;33;209;47;4;10;11;4;16;21;14;0;15;3
11;Flamengo;Fluminense;1;2;DOM;16;399;48;307;32;6;11;3;13;9;14;18;3;12;1
11;Internacional;Botafogo;2;3;DOM;16;364;45;198;36;8;11;8;7;19;17;20;2;20;0
11;Santos;Sao Paulo;3;0;DOM;16;494;52;251;29;7;5;6;2;14;8;12;7;17;0
11;Atletico PR;Gremio;2;0;DOM;16;361;44;369;55;12;5;1;7;12;14;24;2;10;0
11;Figueirense;Coritiba;0;0;DOM;18;239;57;268;44;3;5;6;11;19;21;14;1;14;2
11;Sport;Chapecoense;5;1;DOM;18;392;63;300;29;8;5;4;4;22;10;15;4;17;2
12;Vitoria;Sport;3;2;QUA;19;392;38;156;27;8;11;3;5;21;19;16;2;12;1
12;Flamengo;Internacional;1;0;QUA;19;278;46;485;46;9;9;0;7;11;22;28;5;23;4
12;Gremio;Santos;3;2;QUA;19;282;38;536;52;9;7;5;11;10;14;19;4;23;6
12;Coritiba;Atletico PR;1;0;QUA;21;250;31;220;48;3;9;2;6;22;15;7;0;9;4
12;Chapecoense;Cruzeiro;3;2;QUA;21;241;45;292;39;6;8;6;2;18;18;13;2;24;2
12;Sao Paulo;Fluminense;2;1;QUA;22;299;47;402;49;8;8;2;6;16;15;12;2;13;6
12;America;Corinthians;0;2;QUA;22;439;53;297;40;5;9;4;2;8;12;16;2;15;4
12;Palmeiras;Figueirense;4;0;QUI;19;395;50;229;34;8;7;3;6;25;25;21;0;16;3
12;Santa Cruz;Ponte Preta;0;3;QUI;19;337;32;221;40;6;4;5;8;13;15;15;1;16;1
12;Atletico MG;Botafogo;5;3;QUI;21;297;46;366;34;8;4;9;10;14;9;22;3;5;2
13;Fluminense;Coritiba;0;0;SAB;16;328;45;229;56;7;5;1;4;14;16;6;1;12;2
13;Atletico PR;America;1;0;SAB;18;406;37;293;42;2;11;1;10;8;12;14;3;14;4
13;Cruzeiro;Vitoria;2;2;DOM;11;264;33;164;25;7;9;10;9;11;17;7;0;11;1
13;Internacional;Gremio;0;1;DOM;11;285;55;218;39;3;15;4;7;11;11;23;1;15;1
13;Botafogo;Santa Cruz;2;1;DOM;16;299;43;381;50;6;4;4;10;11;14;26;2;15;3
13;Corinthians;Flamengo;4;0;DOM;16;393;36;380;42;8;7;4;9;15;10;27;2;14;3
13;Santos;Chapecoense;3;0;DOM;16;562;41;259;29;6;3;5;5;13;12;19;1;17;1
13;Ponte Preta;Sao Paulo;1;0;DOM;16;426;36;203;20;7;13;1;4;19;16;28;3;17;1
13;Figueirense;Atletico MG;1;1;DOM;19;288;26;253;44;6;9;3;5;18;21;10;1;17;1
13;Sport;Palmeiras;1;3;SEG;20;345;52;186;41;5;12;7;6;17;21;10;3;16;2
14;Coritiba;Botafogo;0;0;SAB;16;302;36;282;42;5;10;2;6;20;13;12;0;12;1
14;Chapecoense;Corinthians;0;2;SAB;16;240;44;418;41;3;5;7;6;16;13;18;0;22;0
14;Ponte Preta;Sport;2;1;SAB;21;194;44;286;49;7;3;2;7;17;12;15;1;13;2
14;Flamengo;Atletico MG;2;0;DOM;11;284;28;351;45;3;4;2;7;9;23;22;7;14;0
14;Gremio;Figueirense;2;1;DOM;11;436;54;202;57;13;13;1;11;11;14;18;4;24;6
14;Sao Paulo;America;3;0;DOM;16;425;42;293;30;7;14;1;6;7;13;20;4;22;3
14;Santa Cruz;Internacional;1;0;DOM;16;235;38;262;67;3;4;3;6;20;19;18;2;25;4
14;Vitoria;Fluminense;0;0;DOM;19;215;38;184;40;7;15;1;9;16;22;13;3;10;0
14;Cruzeiro;Atletico PR;0;3;SEG;20;451;39;244;31;8;9;3;7;9;17;11;0;12;1
14;Palmeiras;Santos;1;1;TER;20;206;47;394;60;4;7;2;7;17;17;14;1;6;1
15;Botafogo;Flamengo;3;3;SAB;16;293;50;344;43;6;10;3;7;12;21;15;1;20;3
15;Santos;Ponte Preta;3;1;SAB;18;395;32;274;41;6;7;6;13;14;10;23;5;8;2
15;America;Santa Cruz;0;3;DOM;11;559;41;268;39;3;6;8;5;9;9;11;3;22;7
15;Fluminense;Cruzeiro;2;0;DOM;16;203;52;380;39;7;5;5;7;17;15;14;2;10;2
15;Corinthians;Sao Paulo;1;1;DOM;16;367;50;285;42;3;4;4;3;10;25;30;4;25;4
15;Atletico PR;Vitoria;1;1;DOM;16;313;41;293;42;6;10;4;12;15;10;15;0;12;2
15;Figueirense;Chapecoense;1;1;DOM;16;231;56;267;53;4;5;3;5;15;16;20;3;15;2
15;Internacional;Palmeiras;0;1;DOM;16;411;61;287;42;2;5;4;4;17;13;21;2;24;3
15;Sport;Gremio;4;2;DOM;18;306;39;393;43;5;8;5;12;16;15;16;3;14;3
15;Atletico MG;Coritiba;2;1;SEG;20;266;48;266;54;4;8;4;8;16;18;17;4;15;5
16;Corinthians;Figueirense;1;1;SAB;16;475;44;180;31;7;10;4;2;15;21;19;1;21;4
16;Santa Cruz;Coritiba;0;1;SAB;18;350;44;190;47;2;2;6;10;16;19;11;1;10;4
16;Ponte Preta;Internacional;2;2;DOM;11;268;40;239;43;7;9;2;4;20;13;22;1;16;0
16;Palmeiras;Atletico MG;0;1;DOM;11;360;45;235;44;5;4;4;1;11;18;25;4;14;3
16;Cruzeiro;Sport;1;2;DOM;16;350;42;194;28;12;18;5;2;15;18;13;0;7;1
16;Gremio;Sao Paulo;1;0;DOM;16;447;54;397;56;11;15;0;8;16;12;16;2;23;3
16;Atletico PR;Fluminense;1;0;DOM;16;276;38;398;49;6;9;3;6;13;20;19;3;12;0
16;Chapecoense;Botafogo;2;1;DOM;16;205;50;481;52;3;1;4;9;13;15;14;4;17;4
16;Vitoria;Santos;2;3;DOM;18;372;46;294;46;5;3;7;15;15;12;17;4;23;2
16;Flamengo;America;2;1;SEG;20;435;36;201;33;6;16;4;6;11;11;12;4;13;1
17;Figueirense;Vitoria;1;0;SAB;18;141;37;357;42;3;4;4;9;19;26;16;2;14;1
17;Sport;Atletico PR;2;0;SAB;18;360;48;370;40;5;4;3;6;23;8;14;2;20;1
17;Atletico MG;Santa Cruz;3;0;SAB;21;507;38;383;27;6;6;1;4;13;12;16;5;17;0
17;Fluminense;Ponte Preta;3;0;DOM;11;323;40;280;42;3;2;3;12;21;21;20;0;10;4
17;Sao Paulo;Chapecoense;2;2;DOM;11;487;39;175;31;10;9;4;3;13;10;15;6;11;4
17;Santos;Cruzeiro;2;0;DOM;16;447;40;406;27;3;5;4;9;11;9;16;5;16;1
17;Internacional;Corinthians;0;1;DOM;16;346;48;294;36;2;3;4;9;19;19;17;1;26;1
17;Coritiba;Flamengo;0;2;DOM;16;240;40;270;43;3;1;3;2;9;13;5;0;11;2
17;Botafogo;Palmeiras;3;1;DOM;18;236;46;300;51;4;7;8;4;20;22;22;4;12;0
17;America;Gremio;0;0;DOM;18;279;39;373;44;3;7;3;5;15;8;8;0;9;2
18;Vitoria;Coritiba;3;1;QUA;19;271;35;208;35;4;7;6;12;8;19;15;3;6;1
18;Sport;America;1;1;QUA;19;471;39;130;38;5;7;2;5;8;22;5;5;13;2
18;Santos;Flamengo;0;0;QUA;22;301;45;446;50;5;5;5;11;9;9;7;3;14;3
18;Atletico PR;Corinthians;2;0;QUA;22;334;32;461;42;8;2;3;7;10;12;16;1;18;2
18;Ponte Preta;Botafogo;2;0;QUI;19;197;55;434;46;4;3;0;3;16;11;11;0;9;0
18;Sao Paulo;Atletico MG;1;2;QUI;19;481;34;297;39;10;11;3;5;9;17;18;0;18;3
18;Gremio;Santa Cruz;0;0;QUI;19;507;57;274;36;3;11;4;7;18;18;18;4;23;3
18;Cruzeiro;Internacional;4;2;QUI;21;242;42;400;33;7;6;4;6;10;13;20;4;16;3
18;Chapecoense;Palmeiras;1;1;QUI;21;146;38;392;47;5;8;11;13;17;15;9;0;12;2
19;Flamengo;Atletico PR;1;0;SAB;18;331;34;309;33;4;10;3;8;11;11;12;0;11;1
19;America;Santos;1;0;DOM;11;325;28;443;38;2;5;3;3;11;7;22;1;15;1
19;Palmeiras;Vitoria;2;1;DOM;16;424;42;247;28;8;8;3;7;13;19;16;1;9;3
19;Coritiba;Ponte Preta;3;1;DOM;16;173;48;209;50;4;7;4;6;20;17;20;5;16;4
19;Internacional;Fluminense;2;2;DOM;16;338;41;287;56;7;7;2;7;22;14;17;0;16;1
19;Santa Cruz;Sao Paulo;1;2;DOM;16;312;38;325;32;2;10;5;5;15;23;17;2;25;3
19;Figueirense;Sport;1;1;DOM;18;201;42;298;62;5;8;6;11;16;17;16;2;18;2
19;Atletico MG;Chapecoense;3;1;SEG;20;402;41;316;39;4;5;6;11;14;12;11;1;9;0
19;Corinthians;Cruzeiro;1;1;SEG;21;408;48;306;36;5;5;3;12;14;8;14;1;15;1
20;Sport;Flamengo;1;0;SAB;16;244;45;394;70;4;8;1;8;24;14;14;3;13;2
20;Ponte Preta;Figueirense;2;0;SAB;18;213;35;321;51;4;11;0;3;21;25;17;3;12;1
20;Fluminense;America;1;0;DOM;11;421;40;254;27;3;9;2;3;12;28;11;1;12;1
20;Gremio;Corinthians;3;0;DOM;11;261;40;418;36;9;3;8;14;15;14;27;3;17;3
20;Vitoria;Santa Cruz;2;2;DOM;16;327;26;265;21;8;6;6;6;17;15;10;1;15;4
20;Santos;Atletico MG;3;0;DOM;16;270;40;424;54;7;5;4;8;24;8;22;0;13;3
20;Cruzeiro;Coritiba;2;2;DOM;16;423;41;167;39;6;7;4;2;15;20;17;4;7;0
20;Sao Paulo;Botafogo;0;1;DOM;16;409;47;199;44;3;12;1;4;11;14;19;0;20;10
20;Atletico PR;Palmeiras;0;1;DOM;18;354;39;271;48;4;2;2;11;12;15;14;3;18;4
20;Chapecoense;Internacional;1;0;SEG;20;259;45;171;43;5;11;3;5;15;19;9;0;18;4
21;America;Chapecoense;1;2;SEX;21;321;47;298;40;4;5;1;9;13;9;15;2;13;1
21;Botafogo;Sport;3;0;SAB;21;238;51;378;52;6;11;4;11;19;11;7;1;12;0
21;Flamengo;Gremio;2;1;DOM;11;352;31;361;31;7;9;2;6;14;15;11;4;9;1
21;Atletico MG;Atletico PR;1;0;DOM;11;401;39;259;37;3;9;3;8;15;15;10;2;15;1
21;Palmeiras;Ponte Preta;2;2;DOM;16;355;53;136;48;7;9;5;6;10;22;12;5;12;0
21;Internacional;Sao Paulo;1;1;DOM;16;356;45;242;43;8;16;2;2;7;21;9;2;21;3
21;Santa Cruz;Fluminense;0;1;DOM;16;424;27;265;39;2;17;4;2;16;16;14;4;20;0
21;Coritiba;Santos;2;1;DOM;18;333;30;326;29;7;7;4;4;2;16;14;0;12;0
21;Figueirense;Cruzeiro;1;2;DOM;18;334;34;323;57;10;4;7;6;20;22;15;2;27;1
21;Corinthians;Vitoria;2;1;SEG;20;386;36;295;33;11;6;0;9;15;21;11;3;21;3
22;Ponte Preta;Corinthians;2;0;SAB;16;391;28;350;36;7;7;2;0;15;8;14;1;7;3
22;Santos;Figueirense;0;1;DOM;11;577;48;147;51;10;11;1;2;12;12;21;0;18;3
22;Cruzeiro;Santa Cruz;2;0;DOM;11;306;38;345;38;4;7;3;8;17;13;24;5;11;0
22;Fluminense;Palmeiras;0;2;DOM;16;350;41;218;29;3;5;5;11;17;19;6;2;14;4
22;Sao Paulo;Coritiba;0;0;DOM;16;431;56;190;38;9;8;2;4;18;16;15;2;17;4
22;Gremio;Atletico MG;1;1;DOM;16;543;54;281;44;8;16;1;2;18;17;12;0;19;3
22;Chapecoense;Flamengo;1;3;DOM;16;292;29;400;34;8;9;6;10;14;13;8;1;18;4
22;Vitoria;America;2;1;DOM;18;284;46;279;49;4;5;3;8;18;19;15;1;8;1
22;Sport;Internacional;1;1;DOM;18;351;75;167;36;3;5;3;4;17;19;15;3;13;2
22;Atletico PR;Botafogo;1;0;SEG;20;273;47;392;56;4;6;5;7;12;14;16;1;15;1
18;Fluminense;Figueirense;3;2;SAB;16;267;37;207;40;9;8;5;4;21;15;17;2;11;0
19;Botafogo;Gremio;2;1;DOM;16;181;46;422;40;2;8;1;7;16;25;15;2;12;0
23;Botafogo;Fluminense;1;0;QUA;16;162;29;379;43;5;5;5;7;22;14;14;1;13;4
23;Santa Cruz;Chapecoense;2;2;QUA;16;340;30;279;38;7;13;3;4;8;18;13;0;12;1
23;Figueirense;Atletico PR;1;0;QUA;16;259;44;353;43;4;7;1;8;17;20;17;1;18;1
23;Atletico MG;Vitoria;2;1;QUA;19;305;33;286;50;7;9;5;11;15;17;15;3;12;0
23;Flamengo;Ponte Preta;2;1;QUA;22;324;36;175;41;9;8;1;5;14;18;21;3;11;1
23;Palmeiras;Sao Paulo;2;1;QUA;22;255;63;239;36;7;7;2;5;19;20;19;4;25;2
23;Coritiba;Gremio;4;0;QUA;22;291;40;468;53;7;6;2;8;15;9;21;0;15;2
23;Corinthians;Sport;3;0;QUI;19;328;44;323;64;4;5;3;13;16;18;14;0;19;1
23;Internacional;Santos;2;1;QUI;21;411;32;244;50;6;13;3;4;12;11;12;0;15;3
23;America;Cruzeiro;0;2;QUI;21;486;67;274;53;2;6;4;5;18;13;4;0;13;3
24;Vitoria;Flamengo;1;2;SAB;18;340;29;390;44;6;9;8;8;14;7;10;2;9;2
24;Sao Paulo;Figueirense;3;1;DOM;11;399;35;263;38;10;9;5;2;24;16;28;0;8;1
24;Chapecoense;Coritiba;1;0;DOM;11;238;37;297;47;4;8;8;9;20;16;16;3;10;2
24;Santos;Corinthians;2;1;DOM;16;300;38;290;35;5;9;4;6;18;16;19;2;23;1
24;Cruzeiro;Botafogo;0;2;DOM;16;389;38;215;33;6;11;3;5;17;15;16;4;12;1
24;Atletico PR;Internacional;2;1;DOM;16;292;55;292;55;6;11;6;5;11;12;20;6;5;2
24;Sport;Santa Cruz;5;3;DOM;16;341;46;195;34;10;3;6;3;14;18;14;5;20;1
24;Gremio;Palmeiras;0;0;DOM;18;340;48;188;52;4;7;3;4;23;16;14;2;21;1
24;Ponte Preta;America;1;1;DOM;18;315;37;183;35;5;7;2;5;10;12;7;0;7;0
24;Fluminense;Atletico MG;4;2;SEG;20;405;19;392;30;4;6;4;11;12;16;17;1;11;14
25;Botafogo;Santos;0;1;QUA;19;431;64;330;43;5;13;3;5;10;10;24;0;20;1
25;Figueirense;America;2;2;QUA;19;238;46;256;49;5;3;4;5;17;11;7;2;13;1
25;Ponte Preta;Gremio;3;0;QUA;21;235;37;384;37;8;8;1;4;16;16;20;0;20;1
25;Santa Cruz;Atletico PR;1;0;QUA;21;426;35;335;44;5;12;2;3;12;13;16;0;20;8
25;Palmeiras;Flamengo;1;1;QUA;22;365;58;141;27;4;20;2;6;12;12;17;3;21;3
25;Coritiba;Corinthians;1;1;QUA;22;266;57;417;52;3;2;5;6;14;9;27;5;13;0
25;Fluminense;Chapecoense;1;2;QUI;19;451;34;305;34;5;8;3;7;18;19;11;2;12;1
25;Atletico MG;Sport;1;0;QUI;19;496;46;258;38;5;10;3;4;12;15;17;2;12;0
25;Sao Paulo;Cruzeiro;1;0;QUI;21;426;48;349;53;6;2;3;9;14;7;26;3;18;3
25;Internacional;Vitoria;0;1;QUI;21;418;58;223;49;6;8;5;6;18;24;15;1;16;4
26;Corinthians;Palmeiras;0;2;SAB;16;531;52;227;42;1;11;4;8;16;16;17;3;23;2
26;Flamengo;Figueirense;2;0;DOM;11;498;34;231;24;7;16;0;4;16;15;14;1;14;1
26;Cruzeiro;Atletico MG;1;1;DOM;16;302;34;287;41;3;6;3;3;12;21;8;3;13;0
26;Gremio;Fluminense;0;1;DOM;16;510;49;204;62;4;13;2;9;17;10;16;2;17;2
26;Atletico PR;Sao Paulo;1;0;DOM;16;294;41;412;52;5;7;3;4;9;12;18;3;25;6
26;Chapecoense;Ponte Preta;2;2;DOM;16;279;36;254;27;3;4;6;6;15;10;17;0;14;2
26;Sport;Coritiba;0;1;DOM;16;373;52;184;44;5;8;3;4;21;20;14;2;11;4
26;Vitoria;Botafogo;0;1;DOM;18;354;42;184;56;6;11;2;1;16;23;14;2;17;2
26;Santos;Santa Cruz;3;2;DOM;18;378;37;380;31;6;9;5;6;13;10;13;2;14;2
26;America;Internacional;1;0;SEG;20;189;51;270;63;4;13;2;6;12;14;8;4;12;1
27;Palmeiras;Coritiba;2;1;SAB;16;371;66;181;53;7;12;1;1;13;24;16;8;11;3
27;Sport;Santos;1;0;SAB;18;227;49;398;38;6;6;4;9;20;11;15;3;14;1
27;America;Botafogo;1;0;SAB;21;257;41;371;53;3;5;1;4;16;12;17;0;21;1
27;Atletico PR;Ponte Preta;3;0;DOM;11;540;43;195;37;7;6;2;2;12;19;12;1;13;2
27;Figueirense;Santa Cruz;3;1;DOM;11;193;31;485;64;2;1;3;9;18;13;13;3;13;4
27;Vitoria;Sao Paulo;2;0;DOM;16;224;29;341;35;4;10;5;7;20;19;13;2;14;1
27;Flamengo;Cruzeiro;2;1;DOM;16;445;33;287;36;11;9;4;6;12;11;15;4;16;3
27;Corinthians;Fluminense;0;1;DOM;16;429;37;310;59;9;13;4;7;18;15;28;2;13;3
27;Gremio;Chapecoense;1;0;DOM;16;410;45;391;51;4;10;1;7;13;12;21;1;19;2
27;Atletico MG;Internacional;3;1;DOM;18;396;46;310;47;5;5;6;8;11;17;18;2;13;4
28;Fluminense;Sport;3;1;SAB;11;433;41;263;33;8;8;4;7;11;30;17;1;16;0
28;Sao Paulo;Flamengo;0;0;SAB;16;289;36;370;40;1;8;2;6;17;9;21;4;13;3
28;Santos;Atletico PR;2;0;SAB;16;378;38;432;49;4;4;2;3;10;12;15;4;13;1
28;Chapecoense;Vitoria;1;4;SAB;16;402;45;202;49;5;9;6;2;20;18;14;5;22;1
28;Botafogo;Corinthians;2;0;SAB;16;260;34;399;34;4;5;2;3;21;16;21;3;14;2
28;Ponte Preta;Atletico MG;1;2;SAB;16;302;57;205;42;5;6;2;8;24;16;14;1;11;1
28;Cruzeiro;Gremio;1;0;SAB;18;347;54;293;52;5;8;0;4;19;20;17;4;6;1
28;Internacional;Figueirense;1;0;SAB;21;212;44;300;63;4;10;1;4;32;19;18;0;16;1
28;Santa Cruz;Palmeiras;2;3;SEG;20;295;36;346;44;5;11;8;6;20;11;23;5;14;7
28;Coritiba;America;3;0;SEG;21;350;31;253;47;6;4;0;6;17;15;16;1;14;0
29;Vitoria;Gremio;0;1;QUA;19;355;57;264;38;3;7;8;6;16;19;5;2;8;0
29;Atletico PR;Chapecoense;3;1;QUA;19;376;48;235;40;2;3;1;10;8;13;13;1;10;2
29;Corinthians;Atletico MG;0;0;QUA;21;345;50;225;50;3;16;4;4;16;16;7;0;11;1
29;Santos;Fluminense;2;1;QUA;21;355;38;353;42;8;5;5;10;15;10;20;4;7;1
29;Sport;Sao Paulo;1;1;QUA;22;301;47;356;54;7;4;6;11;18;17;18;1;16;1
29;Internacional;Coritiba;1;0;QUI;19;309;54;251;37;3;7;4;4;13;12;15;6;16;0
29;Cruzeiro;Ponte Preta;2;0;SAB;21;374;32;285;53;6;6;0;2;15;23;15;4;6;0
29;Flamengo;Santa Cruz;3;0;DOM;16;425;31;235;37;7;6;5;5;11;12;13;3;10;3
29;Figueirense;Botafogo;0;1;DOM;16;319;47;299;59;0;10;3;8;14;13;17;0;24;3
29;America;Palmeiras;0;2;DOM;16;338;50;300;64;2;4;3;7;16;10;14;2;13;2
30;Chapecoense;Sport;3;0;QUA;11;287;51;353;55;8;9;1;7;16;19;9;2;10;1
30;Coritiba;Figueirense;0;0;QUA;19;246;34;115;37;6;10;2;5;13;23;10;1;18;2
30;Botafogo;Internacional;1;0;QUA;22;240;41;251;30;3;9;2;10;16;14;14;0;16;1
30;Santa Cruz;Corinthians;2;4;QUA;22;358;36;416;40;9;7;6;4;8;7;22;2;14;2
30;Palmeiras;Cruzeiro;0;0;QUI;19;309;61;234;41;2;10;3;11;16;17;12;3;17;1
30;Atletico MG;America;3;0;QUI;19;434;49;274;29;7;6;5;8;8;11;13;2;18;1
30;Ponte Preta;Vitoria;2;0;QUI;19;176;35;257;58;6;4;1;11;23;12;13;2;16;1
30;Fluminense;Flamengo;1;2;QUI;21;311;40;218;39;3;6;3;8;14;20;12;2;12;1
30;Sao Paulo;Santos;0;1;QUI;21;340;42;352;45;5;10;2;4;16;18;21;2;12;3
30;Gremio;Atletico PR;1;0;QUI;21;483;45;322;59;12;16;1;3;14;13;14;2;16;1
31;Botafogo;Atletico MG;3;2;DOM;16;244;39;387;55;7;5;5;7;13;12;19;2;10;1
31;Cruzeiro;Chapecoense;0;0;DOM;16;444;52;263;31;8;9;1;5;15;16;16;0;11;3
31;Internacional;Flamengo;2;1;DOM;16;263;51;357;43;8;6;6;7;22;12;22;6;19;5
31;Atletico PR;Coritiba;2;0;DOM;16;257;44;325;32;5;3;3;9;17;14;16;3;11;2
31;Figueirense;Palmeiras;1;2;DOM;16;185;43;223;49;2;3;6;11;17;28;12;0;11;3
31;Corinthians;America;2;0;DOM;18;523;47;317;40;5;2;1;6;11;10;11;3;8;1
31;Ponte Preta;Santa Cruz;3;0;DOM;18;253;41;416;36;6;6;0;3;18;17;17;5;20;4
31;Santos;Gremio;1;1;DOM;19;573;48;218;31;6;11;4;2;13;20;16;2;8;1
31;Sport;Vitoria;1;0;DOM;19;227;36;206;33;10;8;5;2;7;20;12;0;13;3
31;Fluminense;Sao Paulo;1;2;SEG;20;251;37;329;29;5;7;5;6;8;17;10;1;16;1
32;Santa Cruz;Botafogo;0;1;QUA;22;410;34;251;48;3;12;6;9;12;15;11;2;13;1
32;Sao Paulo;Ponte Preta;2;0;SAB;16;343;38;215;41;5;4;2;12;16;14;25;1;16;1
32;Vitoria;Cruzeiro;0;1;DOM;16;318;41;220;38;6;9;1;12;20;15;10;1;9;3
32;Flamengo;Corinthians;2;2;DOM;16;384;29;203;40;9;11;3;6;13;18;20;1;20;3
32;Palmeiras;Sport;2;1;DOM;16;190;52;237;53;4;8;5;10;26;23;17;1;11;2
32;Gremio;Internacional;0;0;DOM;16;403;50;138;39;1;11;2;5;12;24;20;0;15;6
32;Coritiba;Fluminense;1;1;DOM;18;339;36;342;31;2;15;4;9;12;17;9;1;5;2
32;Atletico MG;Figueirense;3;0;DOM;19;319;33;280;39;6;11;2;6;16;14;18;1;12;0
32;Chapecoense;Santos;0;1;DOM;19;378;36;266;42;5;11;1;2;13;16;9;4;10;1
32;America;Atletico PR;1;0;SEG;20;272;34;462;55;2;10;1;4;8;9;10;2;7;2
33;Sport;Ponte Preta;1;0;QUI;20;308;52;258;39;4;5;2;10;12;23;18;3;5;1
33;Fluminense;Vitoria;2;2;SEX;19;276;46;190;33;7;8;5;14;20;21;5;2;10;2
33;Corinthians;Chapecoense;1;1;SAB;16;373;56;303;56;4;6;2;12;10;17;29;2;13;1
33;Atletico MG;Flamengo;2;2;SAB;16;274;36;310;31;7;4;6;8;12;13;9;2;16;2
33;Atletico PR;Cruzeiro;1;0;SAB;16;232;33;446;46;6;7;6;7;15;13;9;0;16;3
33;Botafogo;Coritiba;0;0;SAB;18;381;52;154;39;6;10;6;5;14;20;19;2;24;3
33;Internacional;Santa Cruz;1;1;SAB;18;336;41;421;30;4;8;3;5;15;11;20;3;17;3
33;Santos;Palmeiras;1;0;SAB;19;259;31;356;54;3;6;5;5;19;22;20;2;23;5
33;Figueirense;Gremio;0;0;SAB;19;267;57;265;45;1;9;5;6;22;17;14;4;12;1
33;America;Sao Paulo;1;0;SEG;20;138;28;438;36;2;3;10;9;17;8;20;4;9;1